"effect","term","estimate","std.error","statistic","df","p.value","Endpoint"
"fixed","(Intercept)",0.00886592933504644,0.00140705807107387,6.30104010439309,16.1804990800416,0.0000100173944204112,"Macroinvertebrate"
"fixed","LandUseurban",-0.00371853462075924,0.00201047834086882,-1.84957706092586,15.2352647869828,0.0838693015140567,"Macroinvertebrate"
"fixed","(Intercept)",0.000974028557949696,0.000141569734983495,6.88020330096157,15.6790570798342,0.00000412615438961142,"Microbial"
"fixed","LandUseurban",-0.000178843372764511,0.00020320618718981,-0.880107910284529,15.0965504962547,0.392596090003277,"Microbial"
"fixed","(Intercept)",0.00977120552644924,0.0014068958574628,6.94522304164762,16.0769956879351,0.0000032130052188292,"Total"
"fixed","LandUseurban",-0.00383312492110553,0.00202055185959741,-1.89706831967642,15.3946978062335,0.0767399794931934,"Total"
